Konu,Count
Siber Güvenlik Kavramları,44
Şifreleme Algoritmaları,20
Bilgi Toplama,14
Sosyal Mühendislik,10
Diğer Algoritmalar ve Teknikler,10
Kriptolojiye Giriş,9
İnternet Güvenliği,9
Web Güvenliği,8
Özetleme Algoritmaları,8
Sosyal Medya,8
DoS ve DDoS,7
Windows Komut Satırı,7
Siber Savaş Örnekleri,7
Zararlı Yazılım Analizi,6
Ağ Saldırısı - Erişim,6
Parola Güvenliği,6
Veri Güvenliği,6
Siber Saldırılar,5
Biyometrik Güvenlik,5
PowerShell,5
İnternet Tarihçesi,5
Ağ Saldırısı - Keşif,5
Siber Ölüm Zinciri,5
Windows Yönetimsel Araçlar,5
Linux İşletim Sistemi,4
Uygulama Atakları,4
Temel Güvenlik,4
Windows Güvenliği,4
Linux Komutları,4
Güvenlik Zafiyetleri,4
Parola Kırma,4
Tarayıcı Eklentileri,4
Windows İzleme Araçları,3
Gelişmiş Kalıcı Tehditler,3
Güvenlik Yazılımları,3
Windows Kayıt Defteri,3
SOC,3
Zararlı Yazılımlar,3
Linux Konfigürasyon,3
Kablosuz Güvenlik,2
Linux Güvenliği,2
Siber Tehditler,2
İnternet Tehditleri,2
Oturum Yönetimi,2
Tehditler,2
Parola Yönetimi,2
Olay Müdahale,2
TCP/IP Protokolleri,1
TCP Zayıflıkları,1
DNS Protokolü,1
ARP Protokolü,1
ICMP Protokolü,1
Kablosuz Standartlar,1
VPN Türleri,1
VPN Teknolojisi,1
Güvenlik Duvarı,1
IPS/IDS Sistemleri,1
Mobil Platform Güvenliği,1
Mobil Cihaz Güvenliği,1
RFID Güvenliği,1
Kablosuz Ağlar,1
NFC Teknolojisi,1
Bluetooth Güvenliği,1
Kablosuz Saldırılar,1
DHCP Protokolü,1
SNMP Protokolü,1
ICMP Smurf Attack,1
TCP Reset Attack,1
Bulut Sistem Güvenliği,1
Cryptojacking,1
Android Uygulama,1
IOS Güvenliği,1
Davranışsal IPS,1
WiFi 6 Standardı,1
WEP Şifreleme,1
TCP Sıra Numarası,1
MAC Filtreleme,1
Kaba Kuvvet Saldırısı,1
Mobil Veri Sızıntısı,1
Güvenli Olmayan WiFi,1
Mobil Güncelleme,1
Mobil Uygulama Kaynağı,1
Mobil Hırsızlık,1
Telnet Protokolü,1
E-posta Riski,1
Sahte Site Kontrolü,1
SSL Şifreleme,1
CAPTCHA,1
Brute Force Program,1
HTTP Başlık,1
SessionID Karmaşıklığı,1
XSS ve Oturum,1
Dijital Oyun Riski,1
Siber Farkındalık,1
Dijital Dönüşüm,1
Oyun ve Deneyim,1
Geleneksel Oyunlar,1
Oyun ve Eğitim,1
Oyunun Tanımı,1
Oyun Türleri,1
Dijital Oyun Tarihi,1
2FA Tereddütü,1
2FA Kullanımı,1
2FA Nedir,1
Arama Motoru Riski,1
Link Güvenliği,1
Oltalama Korunma,1
Bedava Hizmet,1
Sosyal Medya Sözleşmesi,1
Üyelik Sözleşmesi,1
Web Güvenilirliği,1
Parola Süresi,1
Güçlü Parola,1
Zayıf Parola,1
HTTPS Kontrolü,1
HTTPS Güvenlik,1
WPA Şifreleme,1
HTTPS,1
Cambridge Analytica,1
Oltalama,1
Kaba Kuvvet Önlemi,1
Kaba Kuvvet,1
iFrame Zafiyeti,1
VPN Tünelleme,1
IPS İmza Türleri,1
Durumlu Paket İnceleme,1
Güvenlik Duvarı Türleri,1
Doğrudan Erişim,1
Kurtarma Listesi,1
Parola Karakter,1
Şikayet Kontrolü,1
Şifreleme Uygulamaları,1
İşletim Sistemi Temelleri,1
Saldırı Vektörleri,1
İşletim Sistemi Güvenliği,1
Pazarlama İzni,1
Web Sitesi Faaliyeti,1
Yazılım Güvenliği,1
Linux Dosya Sistemi,1
Güvenlik Politikaları,1
İnternet Tarayıcıları,1
Sistem Güvenliği,1
Çerez Yönetimi,1
Uygulama Güvenliği,1
E-posta Güvenliği,1
İnternet İstatistikleri,1
Sosyal Medya İstatistikleri,1
Tarayıcı Güvenliği,1
